order,stamp,mhe_log,nmpc_log,validity,mhe_sha256,nmpc_sha256
1,20260904_032225,grip_mhe_20260904_032225.log,grip_nmpc_20260904_032225.log,valid,b24d6771d05b7e26146c295fe3045b42ad35d6723b2807284b2e58056be94882,a7451f7979a7947b8af7a6b88293a768aad7c369837da9bcca8cb7c3ee66b58b
2,20260904_032546,grip_mhe_20260904_032546.log,grip_nmpc_20260904_032546.log,valid,f85c99b823291dcf351bdca551e1696f649a2a6647ba296c12aa32e4a139d3e7,d45896555355ffb72b8fcd750d5fc2ff18bc90c40078e9c3fa26ba4ff86b984f
3,20260904_032907,grip_mhe_20260904_032907.log,grip_nmpc_20260904_032907.log,valid,297c2d69279f76bf2927bdb46c2e67846e2e3b6a1802b7d238aae5548ec1b662,acb1a64fe729e0cb8dc861c406875cf7fc2697c434ee11be9dde2d31785edd96
4,20260904_033228,grip_mhe_20260904_033228.log,grip_nmpc_20260904_033228.log,valid,1a8196a3605032e13727c62386ad984087a9d13586782e31520497004d0871c7,66edfa023f7f0c4b9e3c1f7762ec7cc09424e349f2234a2270a109658044108c
5,20260904_033549,grip_mhe_20260904_033549.log,grip_nmpc_20260904_033549.log,valid,1e359817063d100dffe8884f5a5ee01d15edc9bc7c4747e2dce1e3a528879b8c,3325c7820975ab08cbd656d38d235c4751c95e13e79e493f2db224ae48edc7c6
6,20260904_033910,grip_mhe_20260904_033910.log,grip_nmpc_20260904_033910.log,valid,df29825ec581418d43fa707dba1f47e996c89cd35f7bfbae466d170e3c558050,7c4539f3bc6f96930f34d645a1f2a50e356c6040a3776257cf287280c193c0a6
7,20260904_034927,grip_mhe_20260904_034927.log,grip_nmpc_20260904_034927.log,valid,3075b62c0e58d6f9bc3bb0aff26cc901a300892d8742786fce1ae2ad2a7d158a,a2d41af6bbf66f0d2ffb2d54663201d7cde8309bed5021f7b0cc3eebc1a0a567
8,20260904_035253,grip_mhe_20260904_035253.log,grip_nmpc_20260904_035253.log,valid,4f8e4150bb0673e6022e4924966a46937001de0a6f1eb1f577ca8e38ebbe2ed6,ed0cbcb92649449667c62e2d3bd31f6b7a0d7d68b2dd5b2342f62765cd85b806
9,20260904_040311,grip_mhe_20260904_040311.log,grip_nmpc_20260904_040311.log,invalid,7dfc3c03d499f88adcf99d2423f156d6479f21edad95065e08babf1b7eef2737,4c055eff88e6494953b754b730c87ad267c0270e0ff946f331ac4238a015a9f4
10,20260904_040642,grip_mhe_20260904_040642.log,grip_nmpc_20260904_040642.log,valid,8fdd69a8cfbbe2aa5834b9a08dad6703b0760c785e2b67fb95a9722ce079aca6,20b4cb23495bdda9f7d5c348cb4c51818a8f395b65d33e81bae3f20ce5ca70df
11,20260904_041003,grip_mhe_20260904_041003.log,grip_nmpc_20260904_041003.log,valid,2488801fda7013bc68de81157b9c6e324986c6983e5ba1ef89a4603100157913,5823fa10bb8283fb412610ad30adbeca77ad965a00f77ed4a3e23640a80ab724
12,20260904_041324,grip_mhe_20260904_041324.log,grip_nmpc_20260904_041324.log,invalid,8f5ba65eb35be989f50975a0cd5ef61bb76c271b6cf1a75b86c1a85d8134a1ed,327bcfd63a9fb20f3902aa7c018ab2193a4bf17c544d845c4732a4a770c5b366
13,20260904_041645,grip_mhe_20260904_041645.log,grip_nmpc_20260904_041645.log,valid,52fdacf822362e444f5b1ece05f574fba8d01c54a8e8621b582599a6c91748a2,21bfe9a962f088f1bba3733800da545ef7df905e7171faa8bb1232fe22c2ba30
14,20260904_042006,grip_mhe_20260904_042006.log,grip_nmpc_20260904_042006.log,valid,86e2ba51c53e2f5c9488a1ff567c2bcbb2169dba7c562e28d93af21026e65ae6,df4b305261f01e20d3be8fe847af624c6b215f2f3acf6e2530318582a3c95c11
15,20260904_042327,grip_mhe_20260904_042327.log,grip_nmpc_20260904_042327.log,valid,b9ad2b6404fb7d2ab7998e1be8b1a00397a8d0306af334d0367d81477724c208,4bda5ac2325e4bf57263959e5055d80c0a9246ef3b36964f1b24a7046b16518b
16,20260904_042648,grip_mhe_20260904_042648.log,grip_nmpc_20260904_042648.log,invalid,b68a1436e4ba610fb24e3ce7b322f5f3e0901e83f3fb92647f8f5c4995f634a0,6de04796b869ded4632f9ed486dd60d0ce00b32e5318e7e148739308fc128b00
17,20260904_043009,grip_mhe_20260904_043009.log,grip_nmpc_20260904_043009.log,valid,ba64361ce6dea0469419b0b57c35825ba32d18c60f2fe44681ad237771c78552,aa3a4e3b722f066e53d1b5ada817d1052b7b73cac81b28797793cee715407e90
18,20260904_043330,grip_mhe_20260904_043330.log,grip_nmpc_20260904_043330.log,valid,a2bbddc1b5f4e37c3915de040ae2c1ad7aabfeead9eae5342ab7ec416e58ffe2,9be5242c413b877d5c4b0f827b0f4ec26d37d4a492a43d0343b96050d549fcc4
19,20260904_044351,grip_mhe_20260904_044351.log,grip_nmpc_20260904_044351.log,invalid,8aa589b0686d0127990cdecef5aea44ea61e243647278fb73842683bd89ff30f,641841eb186120401d51d176c893ec3bc8ae5e682159a96e35934e484cc73793
20,20260904_044713,grip_mhe_20260904_044713.log,grip_nmpc_20260904_044713.log,valid,0389110159c2c0b87bbcfe3443332d08bc489bda166e752b8835f34320e7de25,4b5e27b1e404a3e7482313d024d937e0a56b84550fb1ce8c50b1acb147e5568e
21,20260904_045037,grip_mhe_20260904_045037.log,grip_nmpc_20260904_045037.log,valid,c14f5bce2675cad8b7b6107b092896c86217c296a5f75bf3d996e3c3f6c71d29,7e2c595e51fce64b510031cc9667c24497d6bafcb3b18a90ff63dcd195d94663
22,20260904_045402,grip_mhe_20260904_045402.log,grip_nmpc_20260904_045402.log,invalid,f25b5a97d7b3c401b5383ce401b78d77ada02555d17adba05fad834f70b51891,2e57bb5ff11400a871529d5ea526bcd2ad52d6564a47663e8575722d114852a2
23,20260904_045722,grip_mhe_20260904_045722.log,grip_nmpc_20260904_045722.log,valid,728d11c99533c3d3ad71f09d574c6a59c90df586b54b1a6407a5e5375568405f,3ef5a592d557ed232cf66cfe21f486782d541d8d33bd9bf318b2ac1425deed1f
24,20260904_050042,grip_mhe_20260904_050042.log,grip_nmpc_20260904_050042.log,invalid,b6b8da25d11490f223a7313c3a63edd1a0ebe9ea5262103a44ec24bafd7fd36b,aff6c550e61b29daec8045ab121373d70bf4f0512837fb7f12cd237aabcef09a
25,20260904_050417,grip_mhe_20260904_050417.log,grip_nmpc_20260904_050417.log,valid,b7a884fb6844c43f165f95dd7b1fb5b5de1fbccc759b894d8f1578fd7634650b,6bf05e987d772034d0a97c29657fec1ebe618fb68df5b4bb5ab1f2a0a7e95d8e
26,20260904_050738,grip_mhe_20260904_050738.log,grip_nmpc_20260904_050738.log,valid,1e4666d75f761be47a6b24f72e386b5606be8c4760e2a0c1442ea9fab063e89a,e2c2942e6e9cd17fa6557543ff98e1a63a2d75c2da50f32e4132d3f0839189fd
27,20260904_051103,grip_mhe_20260904_051103.log,grip_nmpc_20260904_051103.log,invalid,a6f56d63a82b5cf3eb3891085da95ebeab71279c3b2e438b9467d9fb147c491c,bd0c0de83bd6d220d5140fa27beb7363b5441b00694b61cf28b8493c311a1abe
28,20260904_051753,grip_mhe_20260904_051753.log,grip_nmpc_20260904_051753.log,valid,5c273ae0cce241b331488338c939d686201ddc6e38e44aaf71dcc5b70135d997,a9ea33d3170787e8f3a4ec006ae3d1c58cd96e7b5945925a7eab2285220a5c92
29,20260904_052118,grip_mhe_20260904_052118.log,grip_nmpc_20260904_052118.log,valid,df48b93bfd30296f3a8fdf86b3007c0dd834f5fa8cf34dbcfba0b8636daccb51,dd910f294e26024bb137a7f31080ed09a55c2e2569d0385cbf7990f71cf29d91
30,20260904_052442,grip_mhe_20260904_052442.log,grip_nmpc_20260904_052442.log,valid,90458f3f40d0af0346491431618dfa5c370bcb8f4c260b411495a9dd48971a13,c017c610b42655b80ec4adcc3f54c81ece6c98f1df04be0a120c7181bce61624
31,20260904_052802,grip_mhe_20260904_052802.log,grip_nmpc_20260904_052802.log,invalid,053a0f56197c183f77456f333fd3eaac502dc15d3e997964df280bbf545f9e9b,5ea739edb87302e269b2a86cdf649a30b5f16ad48227850e31d75860b6c07781
32,20260904_053122,grip_mhe_20260904_053122.log,grip_nmpc_20260904_053122.log,valid,1e17dd60d84f827d88673edfa70d03ab12cc55171e10619c74bbc5719a028b7a,316a8dd998a3ec55c7a80bfb0a53a2532ec1d814c6e820ba5fb0a9e3599be381
33,20260904_053447,grip_mhe_20260904_053447.log,grip_nmpc_20260904_053447.log,valid,595fb3825d12082c305f2d937865ad6b24c09bcee2f3cddd1700ec4fef62fce9,4455f67fd5d501de66f42a2f0ea758ba15277c0d4d2a0dac7d7cf510ff0d57d1
34,20260904_053812,grip_mhe_20260904_053812.log,grip_nmpc_20260904_053812.log,valid,efdfd3559588004f767811ba07c1ba0b78add29528b08afc15b716cf590d61d2,a5056dfb80800bd215ea81cc34abe9400016a2e997763351d499636856138372
35,20260904_054132,grip_mhe_20260904_054132.log,grip_nmpc_20260904_054132.log,valid,26f997879d09ea57dab1ef90e5d4e905c7bc118465998a42a0fdd5e52a52d877,79455e1d7c6ffcfb05125e60423bb2848480180fd77c5cd400f6d1902811adee
36,20260904_054452,grip_mhe_20260904_054452.log,grip_nmpc_20260904_054452.log,valid,5206c3e6e4c0e1fa31495d0d50789c4e5cd0dc74e4fb7991fce83b4eb4f2b64e,c9e12fc12bccf01256c2142e657bc732f45c72ac9066e2eca3930f7e6b235b44
37,20260904_054817,grip_mhe_20260904_054817.log,grip_nmpc_20260904_054817.log,valid,10ed6c08091dce0641ed152a5b4695705f9d462793d40f77536c69be5279b75b,6d79560403ff02d513dbfed3e704596bbb5375cd08cb1aeb30c30f69a6f43a5d
38,20260904_055142,grip_mhe_20260904_055142.log,grip_nmpc_20260904_055142.log,valid,6f6ec51512ddb58614d33f1073bbc557de4e61398b6d823fe036517a357078d2,3594209c6f1ad4164b2447a3f1e6acd5988e8c04f299bfa9c0da6ee3174f5c3c
39,20260904_055502,grip_mhe_20260904_055502.log,grip_nmpc_20260904_055502.log,invalid,0f8ec606e934d267d69e4749353bcd6918088230afacdff28e847c262394263a,4fa2724150e79d2a84981f1cf974d02b4d1511d33e636fcedfb25de28909d3a6
40,20260904_055822,grip_mhe_20260904_055822.log,grip_nmpc_20260904_055822.log,invalid,1d8aa394340541d8607e1d1100392dd9bdbb1fa8a08dec20a97f930d96f8e9aa,ce42701c1298d2d655204763bd7b570aafc7e97ef26c7f09425b5f8aaa76aa5d
41,20260904_060157,grip_mhe_20260904_060157.log,grip_nmpc_20260904_060157.log,valid,143fcc645123ad7994876d22b158ff033f4c403c34abe7d96818f5cc87740208,5c70f358c4ad5d770457b28dcc206e0ffa5c897855d5955d204ca35de73c269f
42,20260904_060522,grip_mhe_20260904_060522.log,grip_nmpc_20260904_060522.log,invalid,6bb08cdd90aba41aaf16da38e71d08fd83fe520c61b8eaf88820a787e3858dc8,3dcb3ba4367d1fe030e343b720d338964bf1b58a8bd53d46a01dcf09e03ba4bb
43,20260904_060842,grip_mhe_20260904_060842.log,grip_nmpc_20260904_060842.log,valid,6d3638d8b05975db4fa281ccadf2352f93e00999d0fa5227d0ba3d91cf535602,787fe544ead466d86559e20fb280cdd0efc672e9726109813f59e8216904e909
44,20260904_061137,grip_mhe_20260904_061137.log,grip_nmpc_20260904_061137.log,valid,4467dbe427fecbe146f63018a6d68661eb4690c2dab02b7d21df071d33db7e93,ea82a6c4f3ce7b45583431766cfd0b34237ec88f75feb4828ab31d564889f3ec
45,20260904_061432,grip_mhe_20260904_061432.log,grip_nmpc_20260904_061432.log,invalid,4f7746d4061e5140f10848df4f744f1c9aef89a030553200166f7a3900ec568e,6f524bbf7ea02e9ff30e11e69dd61eb6d594c3cddd466b3f7c97008bdc7a3eca
46,20260904_062122,grip_mhe_20260904_062122.log,grip_nmpc_20260904_062122.log,valid,a59a6a3c736b9fea86d64825d3d37045396082c7614f07e8747d77e3673a519c,efd13b9dd1eb518c9d4cdc23f8210bdd1d1eef1ef93b85bff6a8ecb2e291b5bb
47,20260904_062412,grip_mhe_20260904_062412.log,grip_nmpc_20260904_062412.log,valid,776a05bd1873db6ba0fa7bc38ad20f4b0346eab10248e46623185fe57a6295e3,3b4f3100a126ad998e910556ea0c1e77d3aa6add3beccff6e426b093745930d4
48,20260904_062702,grip_mhe_20260904_062702.log,grip_nmpc_20260904_062702.log,valid,508170aa2799c09dbfcb1aefa5bbdcec6cace627f6f32cb241df928fa8b554a7,8d54f0022f9e0b4dde0544dc3cba14875903d632855a8bbf1d03264fad6a3ff8
49,20260904_062957,grip_mhe_20260904_062957.log,grip_nmpc_20260904_062957.log,valid,e7ceadd3dcea3fff6ad7bbeebf12a777c593ca0d457d3c8526c65e618817a68b,31e751c84d1ae6eacbf5ca5828bb01bf0a65080d7f4127e669e88da9df578314
50,20260904_063252,grip_mhe_20260904_063252.log,grip_nmpc_20260904_063252.log,valid,3c2085df8094025fb3bbfbb5344d7b39291c9f0d9b5998e9ae0533b5395d32ca,40ef194c3c368d91510ede605c6e17dfe607df2c6e2fb8b2ef0f3d7137b28b9c
51,20260904_063547,grip_mhe_20260904_063547.log,grip_nmpc_20260904_063547.log,invalid,3c7b2e5927e4edc79d7bc79e847c43d4a18e81af62272f48280dcd8cc1a4f757,4ee1c2e3ee6515842685448d884969a1afe1e2e85ade5ac26f0d51aac628a0fd
52,20260904_063837,grip_mhe_20260904_063837.log,grip_nmpc_20260904_063837.log,valid,f76f54959e687df0284e42996b9c669ad60c6dc2d30cecce5e03e4575cee24c9,140aab04d8a99d486577326e0d7ecf77f0616e00f5188f69d3545a078db7dcf4
53,20260904_064132,grip_mhe_20260904_064132.log,grip_nmpc_20260904_064132.log,valid,32ef340b3db5e84b4a31635dc68c5a6279f02194aa49ccad5b0b8aaff0478224,26304dcb310574a0dbc39af16c723c91bea47001c3908999866aee995de71109
54,20260904_064427,grip_mhe_20260904_064427.log,grip_nmpc_20260904_064427.log,valid,304e4d163b13f4a67e7c9478bd9793fce4f444573b5908736a7449604ec70002,90651817fa9cc8200ed84f16ef4cab1b2dc4a706673f8b9e33bed6eb5ec3e9cc
55,20260904_064722,grip_mhe_20260904_064722.log,grip_nmpc_20260904_064722.log,valid,a6ab985cbbb3c59ed3db6327b6f10d765adc0cb1d6917e77909bb191c207db02,e2af5c38c0c9be45ea1440056bec6b82c82c4fbac9184c72d37ada8a4a2a9595
56,20260904_065012,grip_mhe_20260904_065012.log,grip_nmpc_20260904_065012.log,valid,c99bce0be634b9ba33aa39477e4b192b6768ac00ed4ed736e753bf20541aa015,724c55edc01c2f44908d8b4a61c854ff2e9a322695b21cefb4c4ecbddec03047
57,20260904_065307,grip_mhe_20260904_065307.log,grip_nmpc_20260904_065307.log,invalid,b65ff2e67baceae1f5f014cce288acee2c0845c30ec54c32b0d49b0ca60a4a6e,a132b58bccce148ca4a2d1f53490a4b5da86fa1747deea60b65b4653171334f5
58,20260904_065632,grip_mhe_20260904_065632.log,grip_nmpc_20260904_065632.log,valid,379cc642d9cceb9e78578f91de24f6b3f1bc734f910f17c43de95bce9b29e38f,d9946fa99c64ff39031d4e0218dd0495d94305a6594d3984b404e8fbf2c977e3
59,20260904_065927,grip_mhe_20260904_065927.log,grip_nmpc_20260904_065927.log,valid,62c319003d7c7ab92ed60192dddfc82ca2baa358158d2e921258d7b3d08b1b69,f16bb3228939cf7057113f9a9ee5b6096948ebd5ff33997ffcdadae5f4638f0e
60,20260904_070913,grip_mhe_20260904_070913.log,grip_nmpc_20260904_070913.log,valid,86ebf3c92dbb1626b6303bbe536b137600c5b692fdfa0769464fa836fed96f71,89db1eacd3103de7bec9836361a54af4a60156598e38c59304e9c5836dc218f9
61,20260904_071208,grip_mhe_20260904_071208.log,grip_nmpc_20260904_071208.log,valid,f5793af74a89a12f6d713b202db75c392e82db290f98a22b9557f5e162657258,3d892b3c3982cd3b7e871b4e05b2d2add1829dc34b352f67581fa026032e43b8
62,20260904_071513,grip_mhe_20260904_071513.log,grip_nmpc_20260904_071513.log,valid,ea2da6201f6c292af2e97b245a964474eb7cb09e90c993e7a7e0a1c63c2b582d,f9c0322a8289fc35b6fe0d8b8d85467c0af785c9f49806ccdca21c7aa499ba0b
63,20260904_071853,grip_mhe_20260904_071853.log,grip_nmpc_20260904_071853.log,valid,0a8047d85bd49dc9314911ad3a232eee3a8c7a7c15aa86ba335e1e771ad91c67,3371a854640a2fc5f59acfb09cfc523557675fd90ae441abd9ce2ea102a105df
64,20260904_072148,grip_mhe_20260904_072148.log,grip_nmpc_20260904_072148.log,valid,f6f638fecbb0d7d4924809892b966d042d01f5460a2a5b647357da7a7799d0bd,13d09aa44f3b0019d85aeaf6ac36d14432b52882004520ab53396064a8c7b6d6
65,20260904_072443,grip_mhe_20260904_072443.log,grip_nmpc_20260904_072443.log,valid,d93ad69ae54698467da39501d70b7f95eaa9a9582e7fb5925f38b23234b6c081,bda1bffe3fbd80823beff4ff1cc6f0c78be46a45cf33ef18055b95777f3ced16
66,20260904_163315,gviz_mhe_20260904_163315.log,gviz_nmpc_20260904_163315.log,valid,1cd3724fa17adbe964eabb2a9abe48b2a7785d4f90bca7883e3c369e2e6bb447,2b71da54c1ab5aedb322f2601197179faf59a0185a2475492e740506aacc3c2a
67,20260904_164651,gviz_mhe_20260904_164651.log,gviz_nmpc_20260904_164651.log,valid,1490214746ad6509011327902f4148c8749460f057d17f44b7964defc683f2a9,59713af2fc1f869cb8e18723170866eb1dbf584a6d07918852921d2c88bc8a0e
68,20260904_232444,gviz_mhe_20260904_232444.log,gviz_nmpc_20260904_232444.log,valid,99c3b65fc872281070cd075d6c042df5fe6e67b662445b8baf6b6f1deccb7963,97a383816af014a1403e7ec0b97355e85c97c9283d62ce8e232522c887765dd2
69,20260904_234516,gviz_mhe_20260904_234516.log,gviz_nmpc_20260904_234516.log,valid,8deb85dbc1829cc7dc8077e4c0c1e1da9f725e5ee1a4ccabdd062d52cfc5dd18,a0de546f550751e4de2a9b67aa19421514af48972c1cacfd0bd6c4af67953e2f
70,20260904_234903,grip_mhe_20260904_234903.log,grip_nmpc_20260904_234903.log,valid,e769bb670eb7ce93b63dec8b1668054a8e8e42e6783537db80e7703c01f05b37,08d618e8a54435bde9d56d7cbf2a5caf84b80431bd269ad897631918ad6251e1
71,20260904_235647,grip_mhe_20260904_235647.log,grip_nmpc_20260904_235647.log,valid,239cd94097793134684903a075bb9ffb1fc98dea686b4042f1217040ffe16c41,1599f17278877bef6ef4ecd395f5ea50fa33113f4ed9e11f3c61d1490d3fee82
72,20260905_000017,grip_mhe_20260905_000017.log,grip_nmpc_20260905_000017.log,valid,d4042d6975e863df58789042edbfc60c10a41184edeedc7788d065af839dbe48,5383b32b80cccb795c459411f22081bac97669bf960ca728b057642877e2b1b5
73,20260905_000352,grip_mhe_20260905_000352.log,grip_nmpc_20260905_000352.log,valid,5e96570ba0c325c809acf42f80d35b4220699327cd4fba4bb5b251a19362a7f5,460c1b3940acda4bd46fae701ae0a4918520cfdd8a74a36138ac99780b4fa231
