idx,pair,arm,stamp,delay_sec,started,finished,command_seen,detach_seen,completion_seen,validity
1,1,B,20260915_042351,0.0,2026-09-15T04:23:42,2026-09-15T04:27:15,1,1,0,"valid"
2,1,C,20260915_042724,0.0,2026-09-15T04:27:15,2026-09-15T04:30:43,1,1,0,"valid"
3,2,C,20260915_043052,0.0,2026-09-15T04:30:43,2026-09-15T04:34:12,1,1,0,"valid"
4,2,B,20260915_043421,0.0,2026-09-15T04:34:12,2026-09-15T04:37:40,1,1,0,"valid"
5,3,B,20260915_043749,0.0,2026-09-15T04:37:40,2026-09-15T04:41:08,1,1,0,"valid"
6,3,C,20260915_044117,0.0,2026-09-15T04:41:08,2026-09-15T04:44:37,1,1,0,"valid"
7,4,C,20260915_044446,0.0,2026-09-15T04:44:37,2026-09-15T04:48:05,1,1,0,"valid"
8,4,B,20260915_044814,0.0,2026-09-15T04:48:05,2026-09-15T04:51:33,1,1,0,"valid"
9,5,B,20260915_045143,0.0,2026-09-15T04:51:33,2026-09-15T04:55:02,1,1,0,"invalid:pre-drop-crash (t_crash=48.4s, t_drop_cmd=84.4s)"
10,5,C,20260915_045511,0.0,2026-09-15T04:55:02,2026-09-15T04:58:30,1,1,0,"valid"
