idx,pair,arm,stamp,started,finished,n_attach,n_loss_marks,validity
1,1,L,20260915_005602,2026-09-15T00:55:53,2026-09-15T00:59:38,4,3,"valid"
2,1,N,20260915_005947,2026-09-15T00:59:38,2026-09-15T01:03:29,4,3,"valid"
3,2,N,20260915_010338,2026-09-15T01:03:29,2026-09-15T01:07:19,4,3,"valid"
4,2,L,20260915_010729,2026-09-15T01:07:19,2026-09-15T01:11:05,4,3,"valid"
5,3,L,20260915_011114,2026-09-15T01:11:05,2026-09-15T01:14:56,2,3,"invalid:attach-fail (2/4 boxes)"
6,3,N,20260915_011505,2026-09-15T01:14:56,2026-09-15T01:18:46,4,3,"valid"
7,4,N,20260915_011855,2026-09-15T01:18:46,2026-09-15T01:22:37,4,3,"valid"
8,4,L,20260915_012246,2026-09-15T01:22:37,2026-09-15T01:26:26,4,3,"valid"
9,5,L,20260915_012635,2026-09-15T01:26:26,2026-09-15T01:30:14,4,3,"valid"
10,5,N,20260915_013024,2026-09-15T01:30:14,2026-09-15T01:34:03,4,3,"valid"
