idx,wid,pair,arm,stamp,started,finished,status,validity
1,W4,1,S0,20260914_214830,2026-09-14T21:48:21,2026-09-14T21:52:00,ok,"valid"
2,W4,1,S1,20260914_215209,2026-09-14T21:52:00,2026-09-14T21:55:28,ok,"valid"
3,W4,2,S1,20260914_215538,2026-09-14T21:55:28,2026-09-14T22:02:27,timeout,"invalid:pre-drop-crash (t_crash=34.9s, t_drop_cmd=83.7s)"
4,W4,2,S0,20260914_220236,2026-09-14T22:02:27,2026-09-14T22:09:26,timeout,"invalid:pre-drop-crash (t_crash=12.3s, t_drop_cmd=none)"
5,W4,2,S0,20260914_220935,2026-09-14T22:09:26,2026-09-14T22:13:04,ok,"valid"
6,W4,2,S1,20260914_221314,2026-09-14T22:13:04,2026-09-14T22:16:43,ok,"valid"
7,W4,3,S1,20260914_221652,2026-09-14T22:16:43,2026-09-14T22:20:22,ok,"valid"
8,W4,3,S0,20260914_222031,2026-09-14T22:20:22,2026-09-14T22:23:50,ok,"valid"
9,W4,4,S0,20260914_222359,2026-09-14T22:23:50,2026-09-14T22:27:19,ok,"valid"
10,W4,4,S1,20260914_222728,2026-09-14T22:27:19,2026-09-14T22:31:07,ok,"invalid:pre-drop-crash (t_crash=36.4s, t_drop_cmd=84.5s)"
11,W4,4,S1,20260914_223117,2026-09-14T22:31:07,2026-09-14T22:34:36,ok,"valid"
12,W4,4,S0,20260914_223445,2026-09-14T22:34:36,2026-09-14T22:38:15,ok,"valid"
13,W4,5,S0,20260914_223824,2026-09-14T22:38:15,2026-09-14T22:41:49,ok,"valid"
14,W4,5,S1,20260914_224158,2026-09-14T22:41:49,2026-09-14T22:45:23,ok,"valid"
15,W4,6,S1,20260914_224532,2026-09-14T22:45:23,2026-09-14T22:49:01,ok,"valid"
16,W4,6,S0,20260914_224911,2026-09-14T22:49:01,2026-09-14T22:52:40,ok,"valid"
17,W4,7,S0,20260914_225250,2026-09-14T22:52:40,2026-09-14T22:56:09,ok,"valid"
18,W4,7,S1,20260914_225618,2026-09-14T22:56:09,2026-09-14T23:03:08,timeout,"invalid:pre-drop-crash (t_crash=60.5s, t_drop_cmd=none)"
19,W4,7,S1,20260914_230317,2026-09-14T23:03:08,2026-09-14T23:06:41,ok,"valid"
20,W4,7,S0,20260914_230651,2026-09-14T23:06:41,2026-09-14T23:13:40,timeout,"invalid:pre-drop-crash (t_crash=48.2s, t_drop_cmd=none)"
21,W4,7,S0,20260914_231350,2026-09-14T23:13:40,2026-09-14T23:17:18,ok,"valid"
22,W4,7,S1,20260914_231727,2026-09-14T23:17:18,2026-09-14T23:20:50,ok,"valid"
23,W4,8,S1,20260914_232059,2026-09-14T23:20:50,2026-09-14T23:24:34,ok,"valid"
24,W4,8,S0,20260914_232443,2026-09-14T23:24:34,2026-09-14T23:28:08,ok,"valid"
